<?xml version="1.0" encoding="UTF-8"?>
<jcr:root xmlns:sling="http://sling.apache.org/jcr/sling/1.0" xmlns:granite="http://www.adobe.com/jcr/granite/1.0" xmlns:jcr="http://www.jcp.org/jcr/1.0" xmlns:nt="http://www.jcp.org/jcr/nt/1.0"
    jcr:primaryType="nt:unstructured"
    sling:resourceType="granite/ui/components/shell/omnisearch/overlay"
    src="/libs/granite/omnisearch?{+query}">
    <searchresults
        jcr:primaryType="nt:unstructured"
        sling:resourceType="granite/ui/components/shell/omnisearch/searchresults"
        modeGroup="granite-omnisearch-result"
        targetCollection="#granite-omnisearch-result">
        <multiresults jcr:primaryType="nt:unstructured">
            <views jcr:primaryType="nt:unstructured">
                <card
                    granite:id="granite-omnisearch-result"
                    jcr:primaryType="nt:unstructured"
                    jcr:title="Card View"
                    sling:resourceType="granite/ui/components/shell/omnisearch/multiresultview"
                    icon="viewCard">
                    <datasource
                        jcr:primaryType="nt:unstructured"
                        sling:resourceType="granite/ui/components/shell/omnisearch/datasource/mixedsearchdatasource"
                        limit="{Long}20"
                        moduleResourceType="granite/ui/components/shell/omnisearch/multiresultrow"/>
                </card>
            </views>
        </multiresults>
        <singleresults jcr:primaryType="nt:unstructured">
            <views jcr:primaryType="nt:unstructured">
                <card
                    granite:id="granite-omnisearch-result"
                    jcr:primaryType="nt:unstructured"
                    jcr:title="Card View"
                    sling:resourceType="granite/ui/components/coral/foundation/masonry"
                    icon="viewCard"
                    limit="{Long}20"
                    modeGroup="granite-omnisearch-result"
                    size="${empty requestPathInfo.selectors[1] ? &quot;20&quot; : requestPathInfo.selectors[1]}"
                    src="/mnt/overlay/granite/ui/content/shell/omnisearch/searchresults/singleresults/views/card{.offset,limit}.html?${querystring}">
                    <datasource
                        jcr:primaryType="nt:unstructured"
                        sling:resourceType="granite/ui/components/shell/omnisearch/datasource/searchdatasource"
                        itemType="card"
                        limit="${empty requestPathInfo.selectors[1] ? &quot;21&quot; : requestPathInfo.selectors[1] + 1}"
                        offset="${requestPathInfo.selectors[0]}"/>
                    <emptyitem
                        jcr:primaryType="nt:unstructured"
                        sling:resourceType="granite/ui/components/shell/omnisearch/empty"/>
                </card>
                <list
                    granite:id="granite-omnisearch-result"
                    jcr:primaryType="nt:unstructured"
                    jcr:title="List View"
                    sling:resourceType="granite/ui/components/coral/foundation/table"
                    icon="viewList"
                    limit="{Long}40"
                    modeGroup="granite-omnisearch-result"
                    selectionMode="row"
                    size="${empty requestPathInfo.selectors[1] ? &quot;40&quot; : requestPathInfo.selectors[1]}"
                    src="/mnt/overlay/granite/ui/content/shell/omnisearch/searchresults/singleresults/views/list{.offset,limit}.html?${querystring}">
                    <datasource
                        jcr:primaryType="nt:unstructured"
                        sling:resourceType="granite/ui/components/shell/omnisearch/datasource/searchdatasource"
                        itemType="list"
                        limit="${empty requestPathInfo.selectors[1] ? &quot;41&quot; : requestPathInfo.selectors[1] + 1}"
                        offset="${requestPathInfo.selectors[0]}"/>
                    <columnsdatasource
                        jcr:primaryType="nt:unstructured"
                        sling:resourceType="granite/ui/components/shell/omnisearch/datasource/columnsdatasource"/>
                    <emptyrow
                        jcr:primaryType="nt:unstructured"
                        sling:resourceType="granite/ui/components/shell/omnisearch/empty"/>
                </list>
            </views>
            <searchpanel
                jcr:primaryType="nt:unstructured"
                sling:resourceType="granite/ui/components/shell/omnisearch/searchpanel"/>
        </singleresults>
    </searchresults>
</jcr:root>
