<?xml version="1.0" encoding="UTF-8"?>
<jcr:root xmlns:sling="http://sling.apache.org/jcr/sling/1.0" xmlns:granite="http://www.adobe.com/jcr/granite/1.0" xmlns:jcr="http://www.jcp.org/jcr/1.0" xmlns:nt="http://www.jcp.org/jcr/nt/1.0"
    jcr:primaryType="nt:unstructured"
    jcr:title="User Preferences"
    sling:resourceType="granite/ui/components/coral/foundation/dialog">
    <items jcr:primaryType="nt:unstructured">
        <form
            granite:class="foundation-form"
            granite:id="granite-user-preferences"
            jcr:primaryType="nt:unstructured"
            sling:resourceType="granite/ui/components/coral/foundation/authorizable/preferencesform"
            style="vertical">
            <granite:data
                jcr:primaryType="nt:unstructured"
                foundation-form-ajax="{Boolean}true"/>
            <items jcr:primaryType="nt:unstructured">
                <include
                    jcr:primaryType="nt:unstructured"
                    sling:resourceType="granite/ui/components/coral/foundation/include"
                    path="/mnt/overlay/granite/ui/content/userproperties/preferences/form"
                    resourceType="granite/ui/components/coral/foundation/container"/>
            </items>
        </form>
    </items>
    <footer jcr:primaryType="nt:unstructured">
        <cancel
            jcr:primaryType="nt:unstructured"
            sling:resourceType="granite/ui/components/coral/foundation/button"
            text="Cancel">
            <parentConfig
                jcr:primaryType="nt:unstructured"
                close="{Boolean}true"/>
        </cancel>
        <submit
            jcr:primaryType="nt:unstructured"
            sling:resourceType="granite/ui/components/coral/foundation/button"
            formId="granite-user-preferences"
            text="Accept"
            type="submit"
            variant="primary"/>
    </footer>
</jcr:root>
