<?xml version="1.0" encoding="UTF-8"?>
<jcr:root xmlns:sling="http://sling.apache.org/jcr/sling/1.0" xmlns:granite="http://www.adobe.com/jcr/granite/1.0" xmlns:jcr="http://www.jcp.org/jcr/1.0" xmlns:nt="http://www.jcp.org/jcr/nt/1.0"
    jcr:primaryType="nt:unstructured"
    sling:resourceType="granite/ui/components/shell/globalnav/overlay">
    <granite jcr:primaryType="nt:unstructured">
        <items jcr:primaryType="nt:unstructured">
            <tabs
                jcr:primaryType="nt:unstructured"
                sling:resourceType="granite/ui/components/coral/foundation/tabs"
                maximized="true"
                orientation="vertical"
                size="L">
                <items jcr:primaryType="nt:unstructured">
                    <tools
                        jcr:primaryType="nt:unstructured"
                        jcr:title="Tools"
                        sling:resourceType="granite/ui/components/shell/globalnav/layouts/toolstab"
                        contentCollection="#globalnav-tools-content-collection">
                        <navigation
                            jcr:primaryType="nt:unstructured"
                            sling:resourceType="granite/ui/components/coral/foundation/columnview"
                            limit="{Long}40"
                            path="${empty requestPathInfo.suffix ? &quot;/mnt/overlay/granite/core/content/nav&quot; : requestPathInfo.suffix}"
                            rootPath="/mnt/overlay/granite/core/content/nav"
                            selectionMode="false"
                            size="${empty requestPathInfo.selectors[1] ? &quot;40&quot; : requestPathInfo.selectors[1]}"
                            src="/mnt/overlay/granite/ui/content/shell/globalnav/granite/items/tabs/items/tools/navigation{.offset,limit}.html{+id}">
                            <datasource
                                jcr:primaryType="nt:unstructured"
                                sling:resourceType="granite/ui/components/shell/globalnav/datasources/navitems"
                                itemResourceType="granite/ui/components/shell/globalnav/columnitem"
                                limit="${empty requestPathInfo.selectors[1] ? &quot;41&quot; : requestPathInfo.selectors[1] + 1}"
                                offset="${requestPathInfo.selectors[0]}"
                                path="${empty requestPathInfo.suffix ? &quot;/mnt/overlay/granite/core/content/nav&quot; : requestPathInfo.suffix}"/>
                        </navigation>
                        <parentConfig
                            jcr:primaryType="nt:unstructured"
                            icon="hammer"/>
                        <content
                            granite:id="globalnav-tools-content-collection"
                            jcr:primaryType="nt:unstructured"
                            sling:resourceType="granite/ui/components/coral/foundation/masonry"
                            layout="fixed-centered"
                            limit="{Long}40"
                            path="${empty requestPathInfo.suffix ? &quot;/mnt/overlay/granite/core/content/nav/operations&quot; : requestPathInfo.suffix}"
                            size="${empty requestPathInfo.selectors[1] ? &quot;40&quot; : requestPathInfo.selectors[1]}"
                            src="/mnt/overlay/granite/ui/content/shell/globalnav/granite/items/tabs/items/tools/content{.offset,limit}.html{+id}">
                            <datasource
                                jcr:primaryType="nt:unstructured"
                                sling:resourceType="granite/ui/components/shell/globalnav/datasources/navitems"
                                itemResourceType="granite/ui/components/shell/globalnav/toolcard"
                                limit="${empty requestPathInfo.selectors[1] ? &quot;41&quot; : requestPathInfo.selectors[1] + 1}"
                                offset="${requestPathInfo.selectors[0]}"
                                path="${empty requestPathInfo.suffix ? &quot;/mnt/overlay/granite/core/content/nav/operations&quot; : requestPathInfo.suffix}"/>
                        </content>
                    </tools>
                </items>
            </tabs>
        </items>
        <datasource
            jcr:primaryType="nt:unstructured"
            sling:resourceType="granite/ui/components/shell/globalnav/datasources/navtree"
            path="/mnt/overlay/granite/core/content/nav"/>
    </granite>
    <cq jcr:primaryType="nt:unstructured">
        <items jcr:primaryType="nt:unstructured">
            <tabs
                jcr:primaryType="nt:unstructured"
                sling:resourceType="granite/ui/components/coral/foundation/tabs"
                maximized="true"
                orientation="vertical"
                size="L"
                trackingFeature="globalnav">
                <items jcr:primaryType="nt:unstructured">
                    <home
                        jcr:primaryType="nt:unstructured"
                        jcr:title="Navigation"
                        sling:resourceType="granite/ui/components/shell/globalnav/layouts/navigationtab"
                        rootNavPath="/mnt/overlay/cq/core/content/nav"
                        targetCollection="#globalnav-home-collection">
                        <content
                            granite:id="globalnav-home-collection"
                            jcr:primaryType="nt:unstructured"
                            sling:resourceType="granite/ui/components/coral/foundation/masonry"
                            columnWidth="{Decimal}222"
                            layout="fixed-centered"
                            limit="{Long}20"
                            metaResourceType="granite/ui/components/shell/globalnav/meta"
                            path="${empty requestPathInfo.suffix ? &quot;/mnt/overlay/cq/core/content/nav&quot; : requestPathInfo.suffix}"
                            size="${empty requestPathInfo.selectors[1] ? &quot;20&quot; : requestPathInfo.selectors[1]}"
                            spacing="{Decimal}16"
                            src="/mnt/overlay/granite/ui/content/shell/globalnav/cq/items/tabs/items/home/content{.offset,limit}.html{+id}">
                            <datasource
                                jcr:primaryType="nt:unstructured"
                                sling:resourceType="granite/ui/components/shell/globalnav/datasources/navitems"
                                itemResourceType="granite/ui/components/shell/globalnav/homecard"
                                limit="${empty requestPathInfo.selectors[1] ? &quot;21&quot; : requestPathInfo.selectors[1] + 1}"
                                offset="${requestPathInfo.selectors[0]}"
                                path="${empty requestPathInfo.suffix ? &quot;/mnt/overlay/cq/core/content/nav&quot; : requestPathInfo.suffix}"/>
                        </content>
                        <parentConfig
                            jcr:primaryType="nt:unstructured"
                            icon="compass"/>
                    </home>
                    <tools
                        jcr:primaryType="nt:unstructured"
                        jcr:title="Tools"
                        sling:resourceType="granite/ui/components/shell/globalnav/layouts/toolstab"
                        contentCollection="#globalnav-tools-content-collection">
                        <navigation
                            jcr:primaryType="nt:unstructured"
                            sling:resourceType="granite/ui/components/coral/foundation/columnview"
                            limit="{Long}40"
                            path="${empty requestPathInfo.suffix ? &quot;/mnt/overlay/cq/core/content/nav/tools&quot; : requestPathInfo.suffix}"
                            rootPath="/mnt/overlay/cq/core/content/nav/tools"
                            selectionMode="false"
                            size="${empty requestPathInfo.selectors[1] ? &quot;40&quot; : requestPathInfo.selectors[1]}"
                            src="/mnt/overlay/granite/ui/content/shell/globalnav/cq/items/tabs/items/tools/navigation{.offset,limit}.html{+id}">
                            <datasource
                                jcr:primaryType="nt:unstructured"
                                sling:resourceType="granite/ui/components/shell/globalnav/datasources/navitems"
                                itemResourceType="granite/ui/components/shell/globalnav/columnitem"
                                limit="${empty requestPathInfo.selectors[1] ? &quot;41&quot; : requestPathInfo.selectors[1] + 1}"
                                offset="${requestPathInfo.selectors[0]}"
                                path="${empty requestPathInfo.suffix ? &quot;/mnt/overlay/cq/core/content/nav/tools&quot; : requestPathInfo.suffix}"/>
                        </navigation>
                        <parentConfig
                            jcr:primaryType="nt:unstructured"
                            icon="hammer"/>
                        <content
                            granite:id="globalnav-tools-content-collection"
                            jcr:primaryType="nt:unstructured"
                            sling:resourceType="granite/ui/components/coral/foundation/masonry"
                            layout="fixed-centered"
                            limit="{Long}40"
                            path="${empty requestPathInfo.suffix ? &quot;/mnt/overlay/cq/core/content/nav/tools/general&quot; : requestPathInfo.suffix}"
                            size="${empty requestPathInfo.selectors[1] ? &quot;40&quot; : requestPathInfo.selectors[1]}"
                            src="/mnt/overlay/granite/ui/content/shell/globalnav/cq/items/tabs/items/tools/content{.offset,limit}.html{+id}">
                            <datasource
                                jcr:primaryType="nt:unstructured"
                                sling:resourceType="granite/ui/components/shell/globalnav/datasources/navitems"
                                itemResourceType="granite/ui/components/shell/globalnav/toolcard"
                                limit="${empty requestPathInfo.selectors[1] ? &quot;41&quot; : requestPathInfo.selectors[1] + 1}"
                                offset="${requestPathInfo.selectors[0]}"
                                path="${empty requestPathInfo.suffix ? &quot;/mnt/overlay/cq/core/content/nav/tools/general&quot; : requestPathInfo.suffix}"/>
                        </content>
                    </tools>
                </items>
            </tabs>
        </items>
        <datasource
            jcr:primaryType="nt:unstructured"
            sling:resourceType="granite/ui/components/shell/globalnav/datasources/navtree"
            path="/mnt/overlay/cq/core/content/nav"/>
    </cq>
</jcr:root>
