<?xml version="1.0" encoding="UTF-8"?>
<jcr:root xmlns:sling="http://sling.apache.org/jcr/sling/1.0" xmlns:granite="http://www.adobe.com/jcr/granite/1.0" xmlns:jcr="http://www.jcp.org/jcr/1.0" xmlns:nt="http://www.jcp.org/jcr/nt/1.0"
    jcr:primaryType="nt:unstructured"
    sling:resourceType="granite/ui/components/shell/userproperties"
    preferencesSrc="/mnt/overlay/granite/ui/content/shell/userpreferences.html">
    <self jcr:primaryType="nt:unstructured">
        <form jcr:primaryType="nt:unstructured">
            <items jcr:primaryType="nt:unstructured">
                <charset
                    jcr:primaryType="nt:unstructured"
                    sling:resourceType="granite/ui/components/coral/foundation/form/hidden"
                    name="_charset_"
                    value="utf-8"/>
                <action
                    jcr:primaryType="nt:unstructured"
                    sling:resourceType="granite/ui/components/coral/foundation/form/hidden"
                    name="action"
                    value="impersonate"/>
                <wrapper
                    jcr:primaryType="nt:unstructured"
                    sling:resourceType="granite/ui/components/coral/foundation/form/actionfield">
                    <field
                        jcr:primaryType="nt:unstructured"
                        sling:resourceType="granite/ui/components/coral/foundation/authorizable/autocomplete"
                        fieldLabel="Impersonate as"
                        impersonableUserFilter="includeonly"
                        name="userId"
                        required="{Boolean}true"
                        selector="user"/>
                    <action
                        granite:class="foundation-validation-bind"
                        jcr:primaryType="nt:unstructured"
                        sling:resourceType="granite/ui/components/coral/foundation/button"
                        text="OK"
                        type="submit"/>
                </wrapper>
            </items>
        </form>
    </self>
    <impersonated jcr:primaryType="nt:unstructured">
        <form jcr:primaryType="nt:unstructured">
            <items jcr:primaryType="nt:unstructured">
                <action
                    jcr:primaryType="nt:unstructured"
                    sling:resourceType="granite/ui/components/coral/foundation/form/hidden"
                    name="action"
                    value="impersonate"/>
                <userid
                    jcr:primaryType="nt:unstructured"
                    sling:resourceType="granite/ui/components/coral/foundation/form/hidden"
                    name="userId"
                    value="-"/>
                <submit
                    jcr:primaryType="nt:unstructured"
                    sling:resourceType="granite/ui/components/coral/foundation/button"
                    block="{Boolean}true"
                    text="Revert to Self"
                    type="submit"
                    variant="primary"/>
            </items>
        </form>
    </impersonated>
</jcr:root>
